month,RR,NBJRR1,NBJRR5,NBJRR10,NBJBROU
1950-01,2.6866666666666665,5.666666666666667,2.4444444444444446,0.2222222222222222,0.0
1950-02,6.876666666666667,14.11111111111111,5.111111111111111,1.3333333333333333,0.0
1950-03,2.0155555555555558,4.555555555555555,1.0,0.7777777777777778,0.0
1950-04,7.182222222222222,11.333333333333334,4.777777777777778,2.4444444444444446,0.0
1950-05,5.113333333333333,9.0,4.0,1.3333333333333333,0.0
1950-06,3.7944444444444443,7.333333333333333,1.6666666666666667,0.4444444444444444,0.0
1950-07,6.525714285714286,9.285714285714286,4.285714285714286,2.5714285714285716,0.0
1950-08,5.25,10.88888888888889,3.0,1.3333333333333333,0.0
1950-09,9.50111111111111,13.444444444444445,6.222222222222222,3.111111111111111,0.0
1950-10,1.32125,5.375,0.0,0.0,0.0
1950-11,6.457777777777777,14.0,3.7777777777777777,1.5555555555555556,0.0
1950-12,7.525555555555556,11.666666666666666,5.444444444444445,2.0,0.0
1951-01,3.6955555555555555,10.555555555555555,2.0,0.3333333333333333,0.0
1951-02,6.217777777777778,14.88888888888889,5.333333333333333,0.3333333333333333,0.0
1951-03,5.546666666666667,12.333333333333334,4.222222222222222,0.4444444444444444,0.0
1951-04,4.138888888888889,10.444444444444445,2.5555555555555554,0.4444444444444444,0.0
1951-05,9.914444444444445,14.777777777777779,7.111111111111111,3.0,0.0
1951-06,9.357777777777777,9.88888888888889,6.0,3.3333333333333335,0.0
1951-07,3.7455555555555557,4.444444444444445,1.8888888888888888,1.3333333333333333,0.0
1951-08,11.54888888888889,11.777777777777779,6.555555555555555,3.3333333333333335,0.0
1951-09,4.085555555555556,6.666666666666667,2.888888888888889,1.2222222222222223,0.0
1951-10,2.5133333333333336,4.777777777777778,1.2222222222222223,1.0,0.0
1951-11,6.45,13.555555555555555,4.555555555555555,1.5555555555555556,0.0
1951-12,4.038888888888889,7.222222222222222,2.888888888888889,0.7777777777777778,0.0
1952-01,5.748888888888889,12.555555555555555,4.111111111111111,0.7777777777777778,0.0
1952-02,3.9712500000000004,6.625,3.75,0.875,0.0
1952-03,7.827777777777778,12.555555555555555,6.777777777777778,1.7777777777777777,0.0
1952-04,0.7477777777777779,3.3333333333333335,0.1111111111111111,0.0,0.0
1952-05,3.3855555555555554,7.0,2.4444444444444446,0.5555555555555556,0.0
1952-06,3.88125,5.0,3.125,0.75,0.0
1952-07,1.12625,2.0,0.625,0.25,0.0
1952-08,6.742222222222222,11.11111111111111,3.4444444444444446,1.4444444444444444,0.0
1952-09,9.774444444444445,13.11111111111111,9.11111111111111,2.6666666666666665,0.0
1952-10,7.064444444444444,11.88888888888889,4.444444444444445,1.8888888888888888,0.0
1952-11,8.498888888888889,10.222222222222221,5.888888888888889,3.6666666666666665,0.0
1952-12,7.783333333333333,12.777777777777779,3.888888888888889,2.111111111111111,0.0
1953-01,1.5116666666666667,4.333333333333333,0.6666666666666666,0.0,0.0
1953-02,2.1671428571428573,5.428571428571429,1.7142857142857142,0.0,0.0
1953-03,0.005714285714285714,0.0,0.0,0.0,0.0
1953-04,5.13,9.5,3.3333333333333335,1.3333333333333333,0.0
1953-05,3.1216666666666666,5.666666666666667,1.5,0.8333333333333334,0.0
1953-06,7.08125,10.625,3.5,1.625,0.0
1953-07,4.8325,10.0,3.625,0.875,0.0
1953-08,3.67,3.875,2.625,1.125,0.0
1953-09,4.7787500000000005,6.625,2.625,1.375,0.0
1953-10,2.025,3.625,1.25,0.75,0.0
1953-11,1.6500000000000001,4.142857142857143,0.7142857142857143,0.0,0.0
1953-12,0.9557142857142856,2.2857142857142856,1.0,0.0,0.0
1954-01,2.952,9.2,1.2,0.4,0.0
1954-02,4.356,10.8,3.4,0.6,0.0
1954-03,4.3759999999999994,7.8,3.6,0.8,0.0
1954-04,0.125,0.3333333333333333,0.0,0.0,0.0
1954-05,2.7616666666666667,7.0,2.0,0.16666666666666666,0.0
1954-06,4.675,7.166666666666667,4.0,0.8333333333333334,0.0
1954-07,2.5016666666666665,7.5,1.1666666666666667,0.0,0.0
1954-08,5.122857142857143,9.428571428571429,3.5714285714285716,2.0,0.0
1954-09,8.97,14.333333333333334,6.166666666666667,3.6666666666666665,0.0
1954-10,3.1271428571428572,6.714285714285714,2.4285714285714284,0.42857142857142855,0.0
1954-11,3.1614285714285715,9.857142857142858,1.7142857142857142,0.0,0.0
1954-12,4.076666666666667,7.333333333333333,3.1666666666666665,1.0,0.0
1955-01,8.371666666666666,12.333333333333334,7.0,2.3333333333333335,0.0
1955-02,6.2540000000000004,14.8,4.4,0.6,0.0
1955-03,2.2600000000000002,4.8,2.0,0.0,0.0
1955-04,0.5833333333333334,2.0,0.0,0.0,0.0
1955-05,5.201666666666667,10.0,4.166666666666667,0.8333333333333334,0.0
1955-06,5.33,6.8,3.4,1.4,0.0
1955-07,11.559999999999999,5.4,3.2,2.6,0.0
1955-08,2.012,3.2,1.4,0.6,0.0
1955-09,4.196,6.0,2.2,1.0,0.0
1955-10,5.13,6.75,3.25,1.75,0.0
1955-11,2.352,3.8,2.0,0.4,0.0
1955-12,5.758,11.6,3.8,1.2,0.0
1956-01,6.7299999999999995,11.0,5.0,2.6666666666666665,0.0
1956-02,0.9183333333333333,3.1666666666666665,0.3333333333333333,0.0,0.0
1956-03,1.046,3.8,0.6,0.0,0.0
1956-04,5.591666666666666,7.333333333333333,4.333333333333333,2.1666666666666665,0.0
1956-05,3.355,4.166666666666667,2.8333333333333335,0.8333333333333334,0.0
1956-06,4.306666666666667,8.5,2.8333333333333335,0.8333333333333334,0.0
1956-07,4.236666666666667,6.666666666666667,3.5,0.6666666666666666,0.0
1956-08,8.595,12.833333333333334,7.666666666666667,2.5,0.0
1956-09,3.513333333333333,8.666666666666666,2.1666666666666665,0.5,0.0
1956-10,5.415,8.666666666666666,3.3333333333333335,1.3333333333333333,0.0
1956-11,4.701666666666667,9.5,3.1666666666666665,1.3333333333333333,0.0
1956-12,3.015,7.5,2.25,0.0,0.0
1957-01,2.1785714285714284,7.571428571428571,0.42857142857142855,0.0,0.0
1957-02,8.554285714285715,13.857142857142858,7.428571428571429,2.5714285714285716,0.0
1957-03,1.9733333333333334,7.666666666666667,0.16666666666666666,0.0,0.0
1957-04,1.1433333333333333,2.8333333333333335,0.6666666666666666,0.5,0.0
1957-05,3.1183333333333336,8.666666666666666,1.6666666666666667,0.3333333333333333,0.0
1957-06,6.2057142857142855,7.857142857142857,4.571428571428571,2.0,0.0
1957-07,7.743333333333333,11.166666666666666,5.166666666666667,1.6666666666666667,0.0
1957-08,4.107142857142857,7.0,3.142857142857143,1.2857142857142858,0.0
1957-09,8.891666666666667,14.0,6.833333333333333,3.1666666666666665,0.0
1957-10,2.8349999999999995,5.833333333333333,2.5,0.16666666666666666,0.0
1957-11,2.4216666666666664,5.666666666666667,1.5,0.16666666666666666,0.0
1957-12,3.505714285714286,8.285714285714286,2.857142857142857,0.8571428571428571,0.0
1958-01,8.082857142857142,12.857142857142858,6.428571428571429,2.5714285714285716,0.0
1958-02,8.867142857142857,13.571428571428571,6.285714285714286,3.142857142857143,0.0
1958-03,2.4025,8.5,0.625,0.0,0.0
1958-04,5.65125,8.0,3.625,1.5,0.0
1958-05,7.097142857142857,11.714285714285714,5.142857142857143,2.142857142857143,0.0
1958-06,9.983333333333333,13.0,6.333333333333333,3.3333333333333335,0.0
1958-07,6.9175,9.625,3.25,2.0,0.0
1958-08,6.77375,11.625,6.0,1.125,0.0
1958-09,4.347142857142857,7.142857142857143,3.0,1.2857142857142858,0.0
1958-10,5.394285714285714,9.571428571428571,4.142857142857143,1.1428571428571428,0.0
1958-11,4.982,7.8,1.4,1.0,0.0
1958-12,5.817142857142857,11.0,4.857142857142857,0.8571428571428571,0.0
1959-01,8.81090909090909,13.909090909090908,8.181818181818182,2.8181818181818183,0.0
1959-02,0.034999999999999996,0.0,0.0,0.0,0.0
1959-03,4.549090909090909,10.727272727272727,3.3636363636363638,0.36363636363636365,0.0
1959-04,6.7075,12.083333333333334,4.75,1.75,0.0
1959-05,2.044166666666667,3.5833333333333335,1.4166666666666667,0.5,0.0
1959-06,2.83,4.75,2.0833333333333335,0.5833333333333334,0.0
1959-07,1.116,1.5,0.8,0.4,0.0
1959-08,2.061818181818182,4.363636363636363,1.7272727272727273,0.2727272727272727,0.0
1959-09,0.18916666666666668,0.4166666666666667,0.08333333333333333,0.0,0.0
1959-10,4.426923076923076,8.692307692307692,2.6153846153846154,1.0769230769230769,0.0
1959-11,4.319230769230769,6.769230769230769,3.769230769230769,1.3076923076923077,0.0
1959-12,7.095384615384616,11.307692307692308,4.538461538461538,2.1538461538461537,0.0
1960-01,4.163076923076923,10.384615384615385,3.4615384615384617,0.6153846153846154,0.0
1960-02,3.8,8.153846153846153,3.230769230769231,0.3076923076923077,0.0
1960-03,4.862307692307692,12.846153846153847,2.8461538461538463,0.38461538461538464,0.0
1960-04,1.313076923076923,4.153846153846154,0.46153846153846156,0.0,0.0
1960-05,2.259230769230769,5.3076923076923075,1.3846153846153846,0.3076923076923077,0.0
1960-06,8.463076923076922,7.846153846153846,4.461538461538462,2.8461538461538463,0.0
1960-07,6.206153846153847,12.0,4.230769230769231,1.1538461538461537,0.0
1960-08,7.544615384615384,13.615384615384615,4.769230769230769,2.076923076923077,0.0
1960-09,5.781538461538461,9.538461538461538,4.538461538461538,1.3076923076923077,0.0
1960-10,12.09142857142857,17.285714285714285,9.714285714285714,4.857142857142857,0.0
1960-11,6.716428571428572,15.071428571428571,4.214285714285714,0.9285714285714286,0.0
1960-12,5.560714285714285,10.642857142857142,3.7857142857142856,1.3571428571428572,0.0
1961-01,6.403846153846154,11.846153846153847,5.6923076923076925,1.0769230769230769,0.0
1961-02,3.9023076923076925,8.23076923076923,2.4615384615384617,0.7692307692307693,0.0
1961-03,0.3408333333333333,1.0833333333333333,0.08333333333333333,0.0,0.0
1961-04,4.542307692307692,9.692307692307692,3.230769230769231,0.7692307692307693,0.0
1961-05,5.4630769230769225,5.3076923076923075,3.0,2.076923076923077,0.0
1961-06,3.575,6.928571428571429,2.4285714285714284,0.8571428571428571,0.0
1961-07,4.6838461538461535,6.153846153846154,3.3076923076923075,1.6153846153846154,0.0
1961-08,1.0941666666666667,2.9166666666666665,0.5,0.08333333333333333,0.0
1961-09,5.9314285714285715,8.142857142857142,4.571428571428571,2.142857142857143,0.0
1961-10,4.711428571428571,9.5,3.642857142857143,0.42857142857142855,0.0
1961-11,5.848571428571428,9.571428571428571,3.5,2.0714285714285716,0.0
1961-12,4.720714285714286,7.785714285714286,4.0,1.8571428571428572,0.0
1962-01,5.467692307692308,11.307692307692308,3.076923076923077,1.0,0.0
1962-02,2.2507692307692304,5.0,1.0769230769230769,0.46153846153846156,0.0
1962-03,5.191538461538461,8.153846153846153,4.153846153846154,2.0,0.0
1962-04,3.9192307692307695,7.615384615384615,4.0,0.46153846153846156,0.0
1962-05,3.374615384615385,7.461538461538462,2.3846153846153846,0.6153846153846154,0.0
1962-06,1.6207692307692307,2.6923076923076925,1.6923076923076923,0.3076923076923077,0.0
1962-07,5.195384615384616,8.923076923076923,4.153846153846154,1.0769230769230769,0.0
1962-08,3.2315384615384612,6.076923076923077,2.3076923076923075,0.6923076923076923,0.0
1962-09,4.218461538461539,6.076923076923077,2.6153846153846154,1.1538461538461537,0.0
1962-10,3.1491666666666664,4.583333333333333,2.0,1.5,0.0
1962-11,8.108333333333333,14.916666666666666,6.25,1.8333333333333333,0.0
1962-12,4.148333333333333,9.333333333333334,3.5833333333333335,0.08333333333333333,0.0
1963-01,1.3175000000000001,3.3333333333333335,1.0833333333333333,0.08333333333333333,0.0
1963-02,1.6718181818181819,5.181818181818182,0.9090909090909091,0.0,0.0
1963-03,5.716923076923077,11.76923076923077,4.615384615384615,1.1538461538461537,0.0
1963-04,5.0841666666666665,10.0,3.25,1.1666666666666667,0.0
1963-05,5.216923076923076,7.769230769230769,3.230769230769231,1.9230769230769231,0.0
1963-06,9.76,12.833333333333334,6.0,2.6666666666666665,0.0
1963-07,2.1675,3.0833333333333335,1.4166666666666667,0.8333333333333334,0.0
1963-08,11.774615384615384,16.384615384615383,8.384615384615385,3.230769230769231,0.0
1963-09,3.14,8.833333333333334,2.0833333333333335,0.16666666666666666,0.0
1963-10,1.8525,5.583333333333333,0.8333333333333334,0.0,0.0
1963-11,8.550833333333333,13.916666666666666,6.416666666666667,2.3333333333333335,0.0
1963-12,0.38666666666666666,1.9166666666666667,0.0,0.0,0.0
1964-01,1.6408333333333334,3.1666666666666665,1.4166666666666667,0.16666666666666666,0.0
1964-02,4.216666666666667,7.916666666666667,4.5,0.5,0.0
1964-03,4.336666666666667,10.666666666666666,2.9166666666666665,0.4166666666666667,0.0
1964-04,5.295833333333333,10.583333333333334,3.9166666666666665,1.0,0.0
1964-05,4.398333333333333,6.583333333333333,2.75,1.75,0.0
1964-06,4.314166666666667,7.416666666666667,3.1666666666666665,1.5,0.0
1964-07,2.5108333333333333,4.666666666666667,2.0,0.5,0.0
1964-08,2.4516666666666667,3.3333333333333335,1.5,0.8333333333333334,0.0
1964-09,4.386666666666667,5.333333333333333,2.5,1.9166666666666667,0.0
1964-10,4.8308333333333335,8.75,3.0,1.25,0.0
1964-11,4.3741666666666665,8.166666666666666,3.5,1.1666666666666667,0.0
1964-12,4.011666666666667,10.166666666666666,2.5833333333333335,0.5,0.0
1965-01,8.504166666666666,13.833333333333334,5.333333333333333,2.4166666666666665,0.0
1965-02,0.6325,2.25,0.0,0.0,0.0
1965-03,6.6875,14.75,4.416666666666667,1.0833333333333333,0.0
1965-04,5.164545454545455,13.636363636363637,2.4545454545454546,0.6363636363636364,0.0
1965-05,6.923636363636363,10.363636363636363,4.7272727272727275,1.7272727272727273,0.0
1965-06,3.730909090909091,6.090909090909091,1.5454545454545454,1.0,0.0
1965-07,9.061666666666666,9.916666666666666,5.5,2.9166666666666665,0.0
1965-08,9.866363636363637,10.727272727272727,4.181818181818182,2.727272727272727,0.0
1965-09,11.760909090909092,11.636363636363637,7.2727272727272725,5.181818181818182,0.0
1965-10,1.4533333333333334,3.25,1.0,0.08333333333333333,0.0
1965-11,10.289090909090909,15.0,6.2727272727272725,2.3636363636363638,0.0
1965-12,9.292727272727273,19.0,8.818181818181818,1.1818181818181819,0.0
1966-01,6.767272727272727,11.818181818181818,4.363636363636363,2.8181818181818183,0.0
1966-02,5.704545454545454,13.181818181818182,2.3636363636363638,1.0909090909090908,0.0
1966-03,1.9281818181818182,4.636363636363637,1.2727272727272727,0.0,0.0
1966-04,9.51,12.181818181818182,7.545454545454546,2.909090909090909,0.0
1966-05,3.2618181818181813,8.0,2.272727272727273,0.2727272727272727,0.0
1966-06,3.8327272727272725,6.545454545454546,3.8181818181818183,0.6363636363636364,0.0
1966-07,8.659090909090908,12.181818181818182,4.636363636363637,3.1818181818181817,0.0
1966-08,5.824545454545454,7.7272727272727275,3.090909090909091,2.090909090909091,0.0
1966-09,2.6145454545454543,5.454545454545454,2.090909090909091,0.36363636363636365,0.0
1966-10,12.419090909090908,10.545454545454545,7.909090909090909,3.5454545454545454,0.0
1966-11,7.074545454545455,12.545454545454545,4.909090909090909,1.9090909090909092,0.0
1966-12,8.916363636363636,14.909090909090908,7.454545454545454,2.272727272727273,0.0
1967-01,2.7925,7.0,1.9166666666666667,0.16666666666666666,0.0
1967-02,3.73,7.454545454545454,2.272727272727273,0.7272727272727273,0.0
1967-03,2.67,8.0,1.3636363636363635,0.0,0.0
1967-04,3.347272727272727,10.363636363636363,1.2727272727272727,0.09090909090909091,0.0
1967-05,8.015454545454546,13.818181818181818,5.7272727272727275,2.1818181818181817,0.0
1967-06,1.2036363636363636,2.909090909090909,0.8181818181818182,0.18181818181818182,0.0
1967-07,2.540909090909091,3.3636363636363638,1.7272727272727273,0.7272727272727273,0.0
1967-08,5.010909090909091,8.0,4.0,1.1818181818181819,0.0
1967-09,7.270909090909091,9.0,5.181818181818182,3.0,0.0
1967-10,11.18909090909091,13.636363636363637,8.454545454545455,4.0,0.0
1967-11,5.725454545454546,8.818181818181818,2.909090909090909,2.0,0.0
1967-12,5.97,13.363636363636363,4.0,1.0909090909090908,0.0
1968-01,6.961818181818182,13.909090909090908,5.181818181818182,1.7272727272727273,0.0
1968-02,6.073636363636364,11.090909090909092,6.7272727272727275,0.2727272727272727,0.0
1968-03,3.877272727272727,9.636363636363637,3.0,0.36363636363636365,0.0
1968-04,4.4354545454545455,8.545454545454545,2.727272727272727,0.9090909090909091,0.0
1968-05,3.6136363636363638,9.272727272727273,2.272727272727273,0.7272727272727273,0.0
1968-06,4.483,8.9,3.7,0.4,0.0
1968-07,3.6627272727272726,8.454545454545455,2.3636363636363638,1.0909090909090908,0.0
1968-08,9.69818181818182,10.272727272727273,4.636363636363637,2.4545454545454546,0.0
1968-09,9.18909090909091,14.0,6.636363636363637,2.4545454545454546,0.0
1968-10,4.161818181818182,10.272727272727273,2.4545454545454546,0.6363636363636364,0.0
1968-11,2.87,7.545454545454546,1.4545454545454546,0.2727272727272727,0.0
1968-12,5.097272727272728,10.818181818181818,3.8181818181818183,1.0909090909090908,0.0
1969-01,3.2372727272727273,8.636363636363637,1.3636363636363635,0.7272727272727273,0.0
1969-02,2.79,7.909090909090909,1.0,0.45454545454545453,0.0
1969-03,4.931818181818182,9.181818181818182,2.909090909090909,1.7272727272727273,0.0
1969-04,4.84,8.545454545454545,4.454545454545454,0.6363636363636364,0.0
1969-05,7.504545454545454,13.636363636363637,5.545454545454546,1.9090909090909092,0.0
1969-06,7.086363636363637,8.818181818181818,3.1818181818181817,1.6363636363636365,0.0
1969-07,3.088181818181818,7.181818181818182,2.090909090909091,0.18181818181818182,0.0
1969-08,7.879090909090909,9.272727272727273,5.454545454545454,2.0,0.0
1969-09,3.6572727272727277,2.727272727272727,2.0,1.9090909090909092,0.0
1969-10,0.6936363636363636,2.3636363636363638,0.0,0.0,0.0
1969-11,7.785454545454545,15.272727272727273,5.363636363636363,2.1818181818181817,0.0
1969-12,6.3090909090909095,10.909090909090908,6.181818181818182,1.0,0.0
1970-01,5.54,10.909090909090908,3.272727272727273,1.0,0.0
1970-02,11.231818181818182,19.636363636363637,8.545454545454545,3.272727272727273,0.0
1970-03,6.21,13.636363636363637,3.5454545454545454,1.6363636363636365,0.0
1970-04,6.873636363636364,15.181818181818182,5.2727272727272725,1.0,0.0
1970-05,3.592727272727273,7.363636363636363,2.6363636363636362,0.6363636363636364,0.0
1970-06,7.130909090909091,10.090909090909092,4.181818181818182,1.5454545454545454,0.0
1970-07,4.401818181818182,8.272727272727273,2.727272727272727,1.4545454545454546,0.0
1970-08,5.495,10.4,4.2,1.0,0.0
1970-09,1.550909090909091,4.545454545454546,0.7272727272727273,0.0,0.0
1970-10,2.1209090909090906,4.181818181818182,1.6363636363636365,0.36363636363636365,0.0
1970-11,5.150909090909091,11.272727272727273,4.181818181818182,0.36363636363636365,0.0
1970-12,2.5672727272727274,7.2727272727272725,1.6363636363636365,0.0,0.0
1971-01,6.0636363636363635,10.181818181818182,5.090909090909091,1.0,0.0
1971-02,2.997272727272727,7.545454545454546,1.1818181818181819,0.8181818181818182,0.0
1971-03,2.2627272727272727,9.363636363636363,0.0,0.0,0.0
1971-04,3.61,6.181818181818182,3.4545454545454546,1.1818181818181819,0.0
1971-05,8.954545454545455,10.636363636363637,6.545454545454546,2.8181818181818183,0.0
1971-06,6.783636363636364,8.090909090909092,4.363636363636363,3.090909090909091,0.0
1971-07,4.547272727272728,6.181818181818182,3.6363636363636362,2.1818181818181817,0.0
1971-08,5.972727272727273,9.181818181818182,4.181818181818182,1.6363636363636365,0.0
1971-09,0.7172727272727273,1.9090909090909092,0.36363636363636365,0.0,0.0
1971-10,1.2127272727272727,3.3636363636363638,0.5454545454545454,0.0,0.0
1971-11,6.027272727272727,11.090909090909092,3.3636363636363638,1.7272727272727273,0.0
1971-12,0.4209090909090909,1.8181818181818181,0.0,0.0,0.0
1972-01,9.180833333333334,12.5,8.166666666666666,3.5833333333333335,0.0
1972-02,7.1575,13.166666666666666,4.416666666666667,2.5833333333333335,0.0
1972-03,2.9266666666666663,6.75,2.3333333333333335,0.08333333333333333,0.0
1972-04,4.7475,10.25,4.0,0.5,0.0
1972-05,5.7225,13.583333333333334,4.25,0.3333333333333333,0.0
1972-06,3.154166666666667,8.166666666666666,1.8333333333333333,0.4166666666666667,0.0
1972-07,14.566666666666668,9.833333333333334,8.166666666666666,5.083333333333333,0.0
1972-08,7.3,7.833333333333333,3.3333333333333335,2.3333333333333335,0.0
1972-09,4.1475,5.833333333333333,3.75,1.3333333333333333,0.0
1972-10,1.8483333333333334,4.0,1.1666666666666667,0.6666666666666666,0.0
1972-11,8.620833333333334,10.666666666666666,7.0,3.3333333333333335,0.0
1972-12,1.8436363636363637,5.2727272727272725,1.5454545454545454,0.0,0.0
1973-01,1.8683333333333334,6.0,0.8333333333333334,0.0,0.0
1973-02,3.775,8.416666666666666,2.1666666666666665,1.0,0.0
1973-03,0.36083333333333334,1.4166666666666667,0.0,0.0,0.0
1973-04,4.801666666666667,9.166666666666666,2.4166666666666665,1.3333333333333333,0.0
1973-05,8.090833333333334,12.666666666666666,7.333333333333333,2.1666666666666665,0.0
1973-06,5.470833333333334,2.75,1.0833333333333333,1.0,0.0
1973-07,4.205454545454545,8.181818181818182,3.4545454545454546,0.8181818181818182,0.0
1973-08,3.4250000000000003,6.333333333333333,2.5,1.0,0.0
1973-09,7.959166666666666,7.166666666666667,4.833333333333333,4.083333333333333,0.0
1973-10,4.530833333333333,5.833333333333333,3.5,1.5,0.0
1973-11,5.154166666666667,9.166666666666666,3.8333333333333335,1.9166666666666667,0.0
1973-12,4.4558333333333335,10.833333333333334,2.5833333333333335,0.3333333333333333,0.0
1974-01,6.221666666666667,8.916666666666666,4.333333333333333,1.9166666666666667,0.0
1974-02,3.3608333333333333,10.0,1.5,0.4166666666666667,0.0
1974-03,5.044545454545455,11.272727272727273,3.727272727272727,1.0909090909090908,0.0
1974-04,3.5233333333333334,5.166666666666667,3.4166666666666665,0.9166666666666666,0.0
1974-05,5.2575,10.5,4.416666666666667,0.9166666666666666,0.0
1974-06,6.5925,9.833333333333334,2.8333333333333335,1.8333333333333333,0.0
1974-07,2.345833333333333,6.583333333333333,1.1666666666666667,0.0,0.0
1974-08,3.8725,7.916666666666667,3.0833333333333335,0.6666666666666666,0.0
1974-09,10.535,13.666666666666666,7.0,4.25,0.0
1974-10,9.7975,18.416666666666668,6.333333333333333,3.0833333333333335,0.0
1974-11,6.6872727272727275,14.0,4.090909090909091,1.0,0.0
1974-12,3.5308333333333333,10.916666666666666,1.25,0.0,0.0
1975-01,6.838333333333334,15.916666666666666,5.666666666666667,0.25,0.0
1975-02,1.8616666666666666,4.916666666666667,0.75,0.0,0.0
1975-03,5.983333333333333,14.416666666666666,4.75,0.08333333333333333,0.0
1975-04,3.375833333333333,9.416666666666666,2.75,0.0,0.0
1975-05,8.458333333333334,9.75,4.833333333333333,3.0833333333333335,0.0
1975-06,3.154166666666667,6.416666666666667,2.5,0.5833333333333334,0.0
1975-07,6.614166666666667,7.333333333333333,3.6666666666666665,1.75,0.0
1975-08,3.9908333333333332,7.083333333333333,1.75,0.9166666666666666,0.0
1975-09,13.2025,11.25,7.75,4.416666666666667,0.0
1975-10,2.245833333333333,7.0,1.0833333333333333,0.0,0.0
1975-11,7.300833333333333,10.25,4.666666666666667,2.4166666666666665,0.0
1975-12,1.1158333333333335,2.5,0.9166666666666666,0.0,0.0
1976-01,1.2791666666666666,4.333333333333333,0.0,0.0,0.0
1976-02,2.749166666666667,6.0,1.0,1.0,0.0
1976-03,3.045833333333333,7.75,2.5,0.16666666666666666,0.0
1976-04,1.8983333333333334,5.166666666666667,1.0,0.25,0.0
1976-05,1.335,2.5833333333333335,0.75,0.16666666666666666,0.0
1976-06,0.09500000000000001,0.25,0.0,0.0,0.0
1976-07,5.664,8.0,3.3,2.1,0.0
1976-08,0.6900000000000001,1.6,0.4,0.1,0.0
1976-09,5.303,13.9,2.9,0.2,0.0
1976-10,3.936,12.3,1.7,0.0,0.0
1976-11,4.321,11.2,2.9,0.3,0.0
1976-12,6.55,10.9,4.2,2.5,0.0
1977-01,6.470999999999999,12.9,4.4,1.8,0.0
1977-02,8.632727272727273,16.272727272727273,6.909090909090909,1.5454545454545454,0.0
1977-03,4.284545454545454,11.636363636363637,2.8181818181818183,0.0,0.0
1977-04,5.112727272727273,8.727272727272727,2.0,1.8181818181818181,0.0
1977-05,8.368181818181817,14.363636363636363,6.818181818181818,2.0,0.0
1977-06,6.556363636363637,11.090909090909092,5.0,1.2727272727272727,0.0
1977-07,5.317272727272727,7.636363636363637,3.727272727272727,1.5454545454545454,0.0
1977-08,4.478181818181818,6.7272727272727275,3.4545454545454546,1.3636363636363635,0.0
1977-09,1.3072727272727271,4.7272727272727275,0.2727272727272727,0.0,0.0
1977-10,6.090909090909091,10.636363636363637,4.363636363636363,1.9090909090909092,0.0
1977-11,7.365454545454545,13.272727272727273,7.181818181818182,1.2727272727272727,0.0
1977-12,4.8,9.727272727272727,3.5454545454545454,0.18181818181818182,0.0
1978-01,8.899090909090908,16.454545454545453,6.7272727272727275,1.3636363636363635,0.0
1978-02,9.127272727272727,16.181818181818183,7.818181818181818,2.1818181818181817,0.0
1978-03,10.691818181818181,14.272727272727273,7.454545454545454,3.4545454545454546,0.0
1978-04,6.928181818181819,12.909090909090908,5.0,2.1818181818181817,0.0
1978-05,5.317272727272727,8.181818181818182,3.5454545454545454,1.7272727272727273,0.0
1978-06,5.794545454545455,10.181818181818182,4.909090909090909,1.0909090909090908,0.0
1978-07,5.695454545454545,10.363636363636363,4.363636363636363,1.5454545454545454,0.0
1978-08,3.7709090909090905,7.0,3.0,1.0,0.0
1978-09,4.5181818181818185,7.181818181818182,2.272727272727273,1.0,0.0
1978-10,1.0527272727272727,2.727272727272727,0.45454545454545453,0.09090909090909091,0.0
1978-11,0.9018181818181819,4.454545454545454,0.0,0.0,0.0
1978-12,11.36909090909091,16.454545454545453,8.636363636363637,4.090909090909091,0.0
1979-01,3.303636363636364,8.363636363636363,1.3636363636363635,0.9090909090909091,0.0
1979-02,6.737272727272727,13.272727272727273,6.636363636363637,0.36363636363636365,0.0
1979-03,11.045454545454545,23.818181818181817,6.818181818181818,2.0,0.0
1979-04,5.926363636363636,11.090909090909092,5.0,1.6363636363636365,0.0
1979-05,4.920909090909091,12.0,3.5454545454545454,0.09090909090909091,0.0
1979-06,3.6818181818181817,4.7272727272727275,2.727272727272727,1.2727272727272727,0.0
1979-07,1.0445454545454547,3.0,0.6363636363636364,0.0,0.0
1979-08,6.051818181818181,10.818181818181818,4.909090909090909,1.5454545454545454,0.0
1979-09,2.3390909090909093,4.363636363636363,1.4545454545454546,0.45454545454545453,0.0
1979-10,8.11,9.272727272727273,5.454545454545454,3.727272727272727,0.0
1979-11,5.680909090909091,12.454545454545455,3.5454545454545454,1.0,0.0
1979-12,10.633636363636363,16.90909090909091,9.636363636363637,3.0,0.0
1980-01,3.169090909090909,6.909090909090909,2.272727272727273,0.5454545454545454,0.0
1980-02,4.684545454545455,8.454545454545455,3.090909090909091,1.0,0.0
1980-03,8.959090909090909,16.454545454545453,6.0,2.0,0.0
1980-04,0.9563636363636363,3.8181818181818183,0.0,0.0,0.0
1980-05,4.495454545454546,9.090909090909092,2.727272727272727,1.0,0.0
1980-06,6.987272727272727,12.909090909090908,4.636363636363637,1.8181818181818181,0.0
1980-07,10.557272727272727,12.363636363636363,6.545454545454546,4.0,0.0
1980-08,2.5645454545454545,6.363636363636363,1.7272727272727273,0.0,0.0
1980-09,3.12,9.545454545454545,1.2727272727272727,0.0,0.0
1980-10,6.204545454545454,11.0,3.727272727272727,2.090909090909091,0.0
1980-11,4.951818181818182,7.545454545454546,3.909090909090909,2.0,0.0
1980-12,8.007272727272728,11.363636363636363,5.909090909090909,2.4545454545454546,0.0
1981-01,6.405454545454545,13.545454545454545,5.090909090909091,0.5454545454545454,0.0
1981-02,4.043636363636363,7.181818181818182,2.727272727272727,1.7272727272727273,0.0
1981-03,6.403636363636363,18.09090909090909,3.272727272727273,0.5454545454545454,0.0
1981-04,2.66,9.272727272727273,0.45454545454545453,0.0,0.0
1981-05,10.42,19.0,9.818181818181818,2.1818181818181817,0.0
1981-06,5.826363636363637,8.181818181818182,2.1818181818181817,2.0,0.0
1981-07,4.9,11.2,3.6,0.5,0.0
1981-08,2.412,6.9,1.6,0.1,0.0
1981-09,4.725,11.0,3.6,0.8,0.0
1981-10,16.39,20.8,8.8,4.7,0.0
1981-11,3.807,7.1,3.0,1.2,0.0
1981-12,10.222,19.2,4.1,2.6,0.0
1982-01,6.067,13.6,3.6,2.1,0.0
1982-02,2.3,6.4,1.3,0.0,0.0
1982-03,4.919,13.1,4.3,0.0,0.0
1982-04,1.08,3.2222222222222223,0.0,0.0,0.0
1982-05,10.161,13.3,6.2,3.6,0.0
1982-06,8.277,12.6,4.8,3.6,0.0
1982-07,9.552,6.4,3.5,1.7,0.0
1982-08,2.936,6.5,1.8,0.8,0.0
1982-09,5.333,7.9,4.1,1.6,0.0
1982-10,9.937000000000001,14.5,6.2,3.4,0.0
1982-11,6.445555555555556,10.222222222222221,4.333333333333333,1.4444444444444444,0.0
1982-12,8.689,14.1,5.5,3.0,0.0
1983-01,4.79,9.0,4.1,0.4,0.0
1983-02,6.484,10.1,4.8,2.3,0.0
1983-03,4.114,10.7,3.0,0.0,0.0
1983-04,8.912,18.6,6.0,2.3,0.0
1983-05,7.069,17.7,5.3,0.3,0.0
1983-06,6.593000000000001,7.8,5.0,2.7,0.0
1983-07,7.093000000000001,9.7,4.7,2.1,0.0
1983-08,3.775,4.5,2.4,1.4,0.0
1983-09,5.569000000000001,12.5,4.6,1.0,0.0
1983-10,1.738,5.2,1.0,0.0,0.0
1983-11,2.8600000000000003,4.8,2.0,1.1,0.0
1983-12,3.8289999999999997,9.9,2.1,0.4,0.0
1984-01,11.562999999999999,20.3,9.8,2.6,0.0
1984-02,3.357,10.9,0.5,0.0,0.0
1984-03,4.231,10.2,2.8,0.7,0.0
1984-04,2.195,3.4,1.1,0.9,0.0
1984-05,11.761,18.5,9.3,3.7,0.0
1984-06,3.2649999999999997,6.2,2.1,0.9,0.0
1984-07,4.397,5.4,3.0,2.1,0.0
1984-08,4.373,7.5,3.9,1.2,0.0
1984-09,12.666,17.6,8.7,4.7,0.0
1984-10,8.181999999999999,10.5,5.2,2.6,0.0
1984-11,6.56,12.1,6.8,0.8,0.0
1984-12,3.803,8.9,1.2,1.0,0.0
1985-01,3.411,11.8,0.7,0.0,0.0
1985-02,1.7329999999999999,3.6,1.1,0.7,0.0
1985-03,6.333,14.5,5.1,0.9,0.0
1985-04,6.227,12.2,4.6,2.0,0.0
1985-05,5.998,10.2,5.0,1.4,0.0
1985-06,4.6240000000000006,9.6,4.0,0.9,0.0
1985-07,5.824,9.9,3.5,1.2,0.0
1985-08,3.258,8.6,1.5,0.9,0.0
1985-09,3.536,4.0,2.6,1.0,0.0
1985-10,1.26,2.4,1.0,0.4,0.0
1985-11,5.364,12.7,4.1,0.6,0.0
1985-12,2.534,9.0,0.9,0.0,0.0
1986-01,8.712,17.0,7.2,2.6,0.0
1986-02,1.9009999999999998,4.8,1.5,0.1,0.0
1986-03,7.257,15.0,5.2,1.5,0.0
1986-04,10.105,17.0,8.5,1.9,0.0
1986-05,2.625,8.8,0.9,0.0,0.0
1986-06,4.236,6.0,2.5,1.2,0.0
1986-07,1.6199999999999999,3.0,1.1,0.8,0.0
1986-08,5.063000000000001,9.4,3.6,1.5,0.0
1986-09,5.157,6.8,4.0,1.5,0.0
1986-10,5.836,12.4,3.8,1.4,0.0
1986-11,4.287000000000001,13.1,3.2,0.0,0.0
1986-12,8.086,16.5,5.5,2.3,0.0
1987-01,2.925,6.5,2.5,0.6,0.0
1987-02,4.306,14.3,1.8,0.2,0.0
1987-03,5.135,12.6,4.1,0.5,0.0
1987-04,3.052,8.5,1.9,0.8,0.0
1987-05,6.008,11.8,4.9,1.0,0.0
1987-06,9.121,16.6,6.9,2.1,0.0
1987-07,7.43,9.8,6.5,2.1,0.0
1987-08,9.67,8.6,2.4,1.4,0.0
1987-09,2.399,6.4,1.8,0.3,0.0
1987-10,10.28,14.11111111111111,6.888888888888889,3.888888888888889,0.0
1987-11,5.79,11.2,5.5,1.1,0.0
1987-12,3.806,8.4,3.5,0.1,0.0
1988-01,10.968,22.6,8.2,2.3,0.0
1988-02,6.248,12.7,3.5,1.4,0.0
1988-03,8.823,17.2,7.4,1.1,0.0
1988-04,2.7670000000000003,4.9,1.9,1.0,0.0
1988-05,6.917999999999999,13.4,6.1,1.3,0.0
1988-06,2.4370000000000003,3.1,1.3,1.0,0.0
1988-07,10.891,12.9,6.1,3.0,0.0
1988-08,2.533,6.8,1.8,0.4,0.0
1988-09,4.621,7.7,4.1,0.9,0.0
1988-10,6.622,10.9,4.8,2.0,0.0
1988-11,4.089,6.3,3.4,1.6,0.0
1988-12,5.25,5.111111111111111,2.4444444444444446,1.1111111111111112,0.0
1989-01,2.679,5.8,2.1,0.5,0.0
1989-02,4.997,13.2,2.8,0.8,0.0
1989-03,7.93,12.1,4.6,1.1,0.0
1989-04,7.92,13.3,6.6,3.0,0.0
1989-05,1.2189999999999999,2.8,1.5,0.0,0.0
1989-06,5.5488888888888885,7.888888888888889,4.777777777777778,2.3333333333333335,0.0
1989-07,3.3577777777777778,8.11111111111111,2.5555555555555554,0.2222222222222222,0.0
1989-08,3.181,5.1,2.6,0.8,0.0
1989-09,5.08,5.8,3.1,2.2,0.0
1989-10,2.936,8.5,1.7,0.1,0.0
1989-11,3.3880000000000003,8.2,3.1,0.3,0.25
1989-12,6.415000000000001,10.6,6.3,0.9,2.6666666666666665
1990-01,3.7589999999999995,9.2,3.1,0.4,0.0
1990-02,8.878,13.3,5.7,2.9,0.14285714285714285
1990-03,0.909,3.0,0.1,0.0,0.0
1990-04,5.2700000000000005,11.4,5.0,0.5,0.25
1990-05,0.7211111111111111,3.3333333333333335,0.0,0.0,0.0
1990-06,7.381111111111112,14.555555555555555,5.222222222222222,1.4444444444444444,0.0
1990-07,2.7288888888888887,4.555555555555555,2.4444444444444446,0.6666666666666666,0.0
1990-08,0.9255555555555556,3.4444444444444446,0.3333333333333333,0.0,0.0
1990-09,4.197777777777778,6.0,3.4444444444444446,1.3333333333333333,0.0
1990-10,7.66875,9.75,4.25,2.25,0.0
1990-11,2.8975,9.125,1.125,0.0,2.8
1990-12,4.8875,12.25,4.375,0.125,0.3333333333333333
1991-01,6.3225,11.0,5.875,1.75,1.0
1991-02,1.38125,5.125,0.625,0.0,3.7142857142857144
1991-03,5.90625,10.25,4.375,1.125,0.0
1991-04,3.62125,6.625,2.875,0.875,0.3333333333333333
1991-05,2.51375,5.375,3.0,0.0,0.5
1991-06,5.18875,14.625,3.0,0.75,0.0
1991-07,5.27125,8.5,4.75,1.375,0.0
1991-08,1.50875,3.0,1.125,0.25,0.0
1991-09,6.35375,8.5,3.875,2.125,0.0
1991-10,3.025,7.25,1.5,0.0,1.75
1991-11,6.516249999999999,11.5,5.0,3.0,3.0
1991-12,3.1262499999999998,5.0,3.0,0.0,1.5
1992-01,0.865,2.625,0.875,0.0,1.5
1992-02,2.37,7.5,1.0,0.25,1.625
1992-03,4.952222222222222,12.88888888888889,3.2222222222222223,0.7777777777777778,0.5
1992-04,3.17,9.0,1.5555555555555556,0.0,0.125
1992-05,11.525,7.25,4.875,4.25,0.0
1992-06,6.834444444444445,10.11111111111111,4.666666666666667,2.7777777777777777,0.0
1992-07,2.5877777777777777,7.444444444444445,1.6666666666666667,0.0,0.14285714285714285
1992-08,5.597777777777777,9.444444444444445,3.888888888888889,1.6666666666666667,0.0
1992-09,4.231,10.1,2.0,1.2,0.0
1992-10,5.392,10.1,4.4,0.9,0.1111111111111111
1992-11,7.774545454545454,17.181818181818183,4.818181818181818,1.9090909090909092,0.4444444444444444
1992-12,5.993636363636364,5.818181818181818,3.909090909090909,3.272727272727273,1.6666666666666667
1993-01,5.56,8.454545454545455,2.0,1.0,0.4
1993-02,1.7463636363636363,3.4545454545454546,1.0909090909090908,0.7272727272727273,4.9
1993-03,0.9190909090909091,2.090909090909091,0.7272727272727273,0.0,0.0
1993-04,12.785454545454543,17.272727272727273,8.181818181818182,4.090909090909091,0.0
1993-05,5.478181818181818,11.090909090909092,4.0,1.3636363636363635,0.1
1993-06,5.22,7.090909090909091,3.909090909090909,2.5454545454545454,0.0
1993-07,4.740909090909091,10.636363636363637,2.6363636363636362,1.0,0.0
1993-08,0.4690909090909091,1.9090909090909092,0.0,0.0,0.0
1993-09,8.49,15.454545454545455,6.454545454545454,2.3636363636363638,0.0
1993-10,10.841818181818182,11.363636363636363,5.0,3.4545454545454546,0.2
1993-11,3.130909090909091,6.636363636363637,2.1818181818181817,0.5454545454545454,1.7
1993-12,9.66,19.454545454545453,8.181818181818182,1.9090909090909092,0.8
1994-01,7.483636363636363,17.181818181818183,7.0,0.45454545454545453,1.2
1994-02,6.088181818181818,11.727272727272727,4.090909090909091,1.8181818181818181,2.4444444444444446
1994-03,4.030909090909091,11.272727272727273,2.4545454545454546,0.0,0.0
1994-04,6.1240000000000006,10.9,5.6,2.3,0.0
1994-05,5.7263636363636365,11.454545454545455,4.090909090909091,1.6363636363636365,0.0
1994-06,4.611,7.6,3.7,1.7,0.0
1994-07,8.095,6.1,4.0,3.3,0.0
1994-08,7.712000000000001,8.6,4.9,2.4,0.0
1994-09,7.373,12.9,4.9,2.0,0.1
1994-10,5.01,12.5,3.6,0.2,0.0
1994-11,5.346,7.5,3.1,2.0,0.8
1994-12,6.089,14.8,4.6,0.6,0.4
1995-01,12.519,16.7,8.6,3.3,0.3
1995-02,7.895999999999999,19.0,5.1,1.2,0.3
1995-03,7.066,14.6,5.3,1.2,0.1
1995-04,6.828,8.5,6.3,3.1,0.1
1995-05,9.169,7.5,6.0,2.9,0.0
1995-06,2.229,7.1,0.9,0.2,0.0
1995-07,8.468,8.5,4.1,1.9,0.0
1995-08,4.346,4.5,1.9,1.7,0.0
1995-09,7.132,12.9,5.6,2.5,0.0
1995-10,1.3963636363636363,4.909090909090909,0.36363636363636365,0.0,1.7
1995-11,1.5590909090909089,5.2727272727272725,0.45454545454545453,0.0,1.0
1995-12,4.098181818181818,10.181818181818182,3.909090909090909,0.2727272727272727,1.2
1996-01,4.832727272727273,9.090909090909092,4.2727272727272725,0.8181818181818182,1.8
1996-02,5.333636363636364,12.0,4.0,0.9090909090909091,0.0
1996-03,2.0963636363636367,6.363636363636363,1.0909090909090908,0.0,0.1
1996-04,1.0545454545454545,2.727272727272727,0.2727272727272727,0.0,0.0
1996-05,5.1863636363636365,12.818181818181818,3.4545454545454546,1.4545454545454546,0.1
1996-06,1.1872727272727273,4.454545454545454,0.5454545454545454,0.0,0.0
1996-07,3.2409090909090907,4.0,2.0,1.4545454545454546,0.0
1996-08,6.58909090909091,8.636363636363637,5.0,2.0,0.0
1996-09,4.470909090909091,4.2727272727272725,2.5454545454545454,1.9090909090909092,0.0
1996-10,3.061818181818182,9.181818181818182,2.1818181818181817,0.0,0.4
1996-11,8.505454545454546,15.090909090909092,8.181818181818182,1.8181818181818181,0.0
1996-12,3.2345454545454544,11.636363636363637,1.0,0.0,0.8
1997-01,0.48500000000000004,2.6,0.0,0.0,1.5
1997-02,8.766,12.2,5.4,2.6,0.3
1997-03,0.9963636363636365,4.2727272727272725,0.09090909090909091,0.0,0.1
1997-04,1.420909090909091,3.909090909090909,0.9090909090909091,0.0,0.0
1997-05,9.38,12.818181818181818,7.181818181818182,3.909090909090909,0.0
1997-06,12.3,17.636363636363637,8.818181818181818,3.727272727272727,0.0
1997-07,2.3649999999999998,4.9,2.3,0.1,0.0
1997-08,11.694545454545453,6.0,4.545454545454546,2.727272727272727,0.0
1997-09,0.32181818181818184,1.0909090909090908,0.09090909090909091,0.0,0.0
1997-10,4.733636363636363,7.636363636363637,3.090909090909091,1.0,0.0
1997-11,7.0218181818181815,14.727272727272727,4.909090909090909,1.6363636363636365,1.7
1997-12,9.761818181818182,14.363636363636363,7.181818181818182,3.1818181818181817,0.1
1998-01,6.973999999999999,11.4,5.3,1.7,0.1111111111111111
1998-02,0.79,3.5555555555555554,0.0,0.0,0.7777777777777778
1998-03,2.382,6.7,1.2,0.3,0.0
1998-04,13.231,20.3,9.3,4.9,0.0
1998-05,1.759,5.6,0.5,0.0,0.0
1998-06,4.91,12.3,3.4,0.0,0.0
1998-07,4.089,8.1,3.1,1.1,0.0
1998-08,5.195,6.4,2.3,1.5,0.0
1998-09,10.001999999999999,15.0,8.8,3.6,0.0
1998-10,12.440999999999999,16.9,7.1,4.8,0.0
1998-11,3.253,9.7,1.6,0.5,0.5555555555555556
1998-12,5.325,16.9,2.3,0.1,0.1111111111111111
1999-01,5.090999999999999,12.1,3.3,1.0,0.25
1999-02,5.491,15.2,4.0,0.2,0.0
1999-03,3.779,11.7,1.8,0.0,0.0
1999-04,7.586,13.1,4.9,2.1,0.0
1999-05,8.145,7.2,4.6,2.7,0.0
1999-06,5.072,10.0,4.1,1.0,0.0
1999-07,3.8400000000000003,4.777777777777778,1.6666666666666667,1.3333333333333333,0.0
1999-08,5.703,9.8,3.6,1.8,0.0
1999-09,10.03,12.2,6.6,3.3,0.0
1999-10,5.064,10.2,4.4,0.8,0.5555555555555556
1999-11,3.776,9.1,1.7,1.0,0.5555555555555556
1999-12,15.513,19.0,12.4,6.0,0.0
2000-01,2.044,8.4,0.2,0.0,0.1111111111111111
2000-02,6.246,15.6,4.6,0.7,0.0
2000-03,3.9377777777777774,9.555555555555555,2.6666666666666665,0.4444444444444444,0.0
2000-04,9.778888888888888,16.666666666666668,5.111111111111111,3.5555555555555554,0.0
2000-05,8.187777777777777,13.333333333333334,4.222222222222222,2.4444444444444446,0.0
2000-06,2.9733333333333336,4.0,1.8888888888888888,1.7777777777777777,0.0
2000-07,14.3975,15.125,8.75,5.875,0.0
2000-08,5.488888888888889,7.222222222222222,3.6666666666666665,1.8888888888888888,0.0
2000-09,4.251111111111111,9.11111111111111,3.7777777777777777,0.1111111111111111,0.0
2000-10,12.486666666666666,13.333333333333334,8.777777777777779,5.555555555555555,0.25
2000-11,9.604444444444445,18.555555555555557,8.444444444444445,2.4444444444444446,0.125
2000-12,7.522222222222222,15.333333333333334,5.555555555555555,1.5555555555555556,0.25
2001-01,6.874444444444444,13.555555555555555,6.111111111111111,1.6666666666666667,1.0
2001-02,2.881111111111111,7.888888888888889,1.1111111111111112,0.3333333333333333,0.7142857142857143
2001-03,4.777777777777778,12.666666666666666,2.7777777777777777,0.0,0.375
2001-04,9.92625,16.0,8.0,3.0,0.625
2001-05,5.228571428571429,12.142857142857142,3.5714285714285716,0.8571428571428571,0.71875
2001-06,3.4600000000000004,6.333333333333333,2.1666666666666665,0.8333333333333334,0.8125
2001-07,2.836,10.2,0.6,0.0,0.90625
2001-08,5.536,10.4,3.2,2.0,1.0
2001-09,5.1240000000000006,10.0,4.2,1.4,3.0
2001-10,3.9275,7.5,3.0,1.25,2.0
2001-11,6.005,9.5,4.5,2.0,1.4583333333333335
2001-12,3.5625,9.5,2.25,0.5,0.9166666666666667
2002-01,4.593333333333333,11.11111111111111,3.7777777777777777,0.5555555555555556,0.375
2002-02,8.21625,13.875,5.375,1.5,0.0
2002-03,2.781111111111111,7.0,1.7777777777777777,0.0,0.125
2002-04,0.6325000000000001,2.0,0.125,0.0,0.125
2002-05,2.81,8.0,1.5714285714285714,0.2857142857142857,0.8125
2002-06,6.203333333333333,11.333333333333334,3.5,1.8333333333333333,1.5
2002-07,8.411666666666667,13.333333333333334,6.5,3.0,1.8
2002-08,3.3520000000000003,7.833333333333333,1.6666666666666667,0.8333333333333334,2.1
2002-09,5.066,10.0,3.4,1.4,2.4
2002-10,5.785,13.25,3.5,2.0,2.7
2002-11,3.3649999999999998,7.25,2.75,0.5,3.0
2002-12,0.825,2.25,0.0,0.0,1.0
2003-01,13.69,22.11111111111111,9.555555555555555,3.4444444444444446,0.25
2003-02,6.971111111111111,9.777777777777779,4.111111111111111,2.111111111111111,0.14285714285714285
2003-03,1.6133333333333335,2.6666666666666665,1.0,0.3333333333333333,0.0
2003-04,3.3912500000000003,7.75,3.375,0.0,0.0
2003-05,4.622857142857143,11.428571428571429,3.5714285714285716,0.14285714285714285,1.0
2003-06,7.53,14.5,6.0,1.8333333333333333,1.0
2003-07,4.321666666666666,12.833333333333334,2.6666666666666665,0.0,1.0
2003-08,8.438333333333333,18.333333333333332,6.833333333333333,1.3333333333333333,1.0
2003-09,3.274,9.6,1.4,0.6,1.0
2003-10,3.9725,9.0,3.5,0.5,2.0
2003-11,1.9100000000000001,5.0,1.75,0.0,1.0
2003-12,1.52,4.5,0.75,0.0,2.0
2004-01,7.123333333333333,15.666666666666666,5.555555555555555,1.6666666666666667,0.0
2004-02,1.37,4.444444444444445,0.5555555555555556,0.0,0.0
2004-03,3.178888888888889,8.11111111111111,1.1111111111111112,0.8888888888888888,0.125
2004-04,6.0775,13.5,2.625,1.125,0.0
2004-05,6.297142857142857,11.428571428571429,4.428571428571429,2.2857142857142856,0.2
2004-06,3.9949999999999997,6.166666666666667,3.0,0.6666666666666666,0.4
2004-07,1.0566666666666666,1.0,0.8333333333333334,0.6666666666666666,0.6000000000000001
2004-08,5.983333333333333,13.0,4.666666666666667,0.8333333333333334,0.8
2004-09,4.446,7.8,4.4,0.8,1.0
2004-10,1.48,3.5,1.5,0.0,0.75
2004-11,1.02,2.0,0.5,0.0,0.5
2004-12,5.890000000000001,12.4,4.2,1.2,0.25
2005-01,3.408888888888889,6.444444444444445,1.5555555555555556,1.0,0.0
2005-02,6.655555555555555,13.11111111111111,5.444444444444445,1.1111111111111112,0.0
2005-03,6.916666666666667,9.444444444444445,3.3333333333333335,2.5555555555555554,0.0
2005-04,4.154285714285715,7.857142857142857,3.5714285714285716,1.0,0.0
2005-05,4.58,6.714285714285714,4.142857142857143,1.8571428571428572,0.0
2005-06,6.513333333333333,13.833333333333334,5.5,1.5,0.0
2005-07,8.136666666666668,13.0,6.666666666666667,2.3333333333333335,0.0
2005-08,6.995,8.5,4.5,1.6666666666666667,0.0
2005-09,6.134,10.0,4.0,1.8,0.0
2005-10,5.1475,8.25,3.75,1.0,0.0
2005-11,0.2675,1.0,0.0,0.0,0.0
2005-12,4.6850000000000005,5.75,2.5,1.5,0.0
2006-01,3.6933333333333334,5.888888888888889,3.2222222222222223,1.0,0.0
2006-02,6.207777777777778,6.777777777777778,3.4444444444444446,2.6666666666666665,0.0
2006-03,5.121111111111111,8.0,2.5555555555555554,1.0,0.0
2006-04,1.6400000000000001,4.875,0.25,0.0,0.0
2006-05,6.57,8.714285714285714,3.4285714285714284,1.4285714285714286,0.25
2006-06,2.926666666666667,5.0,1.8333333333333333,1.0,0.5
2006-07,4.546666666666667,10.333333333333334,4.0,0.6666666666666666,0.75
2006-08,1.7166666666666668,5.166666666666667,0.6666666666666666,0.0,1.0
2006-09,6.304,8.2,4.8,3.0,1.25
2006-10,5.518,6.6,3.0,1.2,1.5
2006-11,7.686666666666667,14.666666666666666,5.333333333333333,2.0,1.75
2006-12,8.675,13.6,4.6,2.8,2.0
2007-01,18.773333333333333,11.555555555555555,7.444444444444445,4.666666666666667,0.0
2007-02,4.702222222222222,8.555555555555555,3.7777777777777777,1.0,0.0
2007-03,5.264444444444444,8.444444444444445,3.5555555555555554,1.7777777777777777,0.0
2007-04,5.195714285714286,10.0,5.0,0.42857142857142855,0.0
2007-05,4.501428571428572,9.0,3.142857142857143,1.0,0.0
2007-06,3.9166666666666665,7.5,2.6666666666666665,1.3333333333333333,0.0
2007-07,7.805000000000001,12.666666666666666,5.166666666666667,3.5,0.0
2007-08,3.801666666666667,5.5,2.3333333333333335,0.8333333333333334,0.0
2007-09,4.088,9.8,2.8,0.6,0.0
2007-10,8.296666666666667,6.0,3.3333333333333335,2.6666666666666665,0.0
2007-11,6.545,9.75,4.25,2.0,0.0
2007-12,4.16,6.5,2.5,1.5,0.0
2008-01,5.188888888888888,8.222222222222221,3.888888888888889,2.4444444444444446,0.0
2008-02,5.25125,9.625,3.25,1.125,0.0
2008-03,4.970000000000001,3.4444444444444446,2.2222222222222223,1.6666666666666667,0.0
2008-04,8.064285714285715,14.285714285714286,5.857142857142857,2.2857142857142856,0.0
2008-05,3.365714285714286,8.0,2.4285714285714284,0.42857142857142855,0.013888888888888888
2008-06,9.604,15.6,6.6,3.6,0.027777777777777776
2008-07,14.496,13.8,7.2,4.4,0.041666666666666664
2008-08,8.035,8.0,3.75,2.25,0.05555555555555555
2008-09,0.895,2.0,1.0,0.0,0.06944444444444445
2008-10,6.396666666666666,11.666666666666666,4.0,1.3333333333333333,0.08333333333333333
2008-11,7.9,10.75,5.75,3.5,0.09722222222222221
2008-12,1.1500000000000001,5.666666666666667,0.0,0.0,0.1111111111111111
2009-01,8.038888888888888,14.444444444444445,5.666666666666667,2.6666666666666665,0.125
2009-02,1.568888888888889,5.222222222222222,0.5555555555555556,0.0,0.0
2009-03,1.488888888888889,2.5555555555555554,1.0,0.5555555555555556,0.0
2009-04,3.2,4.5,2.125,1.125,0.0
2009-05,2.91,4.285714285714286,2.142857142857143,1.2857142857142858,1.0
2009-06,3.5833333333333335,6.0,2.5,1.3333333333333333,0.890625
2009-07,1.83,4.666666666666667,1.3333333333333333,0.0,0.78125
2009-08,2.2700000000000005,6.2,1.0,0.6,0.671875
2009-09,2.415,4.5,2.25,0.5,0.5625
2009-10,6.375,9.5,4.75,2.25,0.453125
2009-11,3.4450000000000003,4.5,2.5,1.25,0.34375
2009-12,5.8425,8.25,5.5,2.0,0.234375
2010-01,6.6,12.222222222222221,4.222222222222222,1.4444444444444444,0.125
2010-02,6.565555555555555,10.222222222222221,5.222222222222222,2.6666666666666665,0.375
2010-03,6.4625,11.25,6.25,1.25,0.375
2010-04,8.631428571428572,12.142857142857142,6.285714285714286,2.4285714285714284,0.6875
2010-05,2.34,6.428571428571429,0.8571428571428571,0.14285714285714285,1.0
2010-06,4.028333333333333,9.333333333333334,2.3333333333333335,1.3333333333333333,1.0
2010-07,5.988,4.6,3.6,2.4,2.0
2010-08,6.581999999999999,11.6,4.6,2.2,2.0
2010-09,5.24,9.75,3.0,1.75,2.0
2010-10,3.8625,9.0,3.0,0.25,1.0
2010-11,2.5725,6.5,1.75,0.25,2.0
2010-12,9.723333333333333,15.666666666666666,9.0,2.3333333333333335,3.0
2011-01,4.6225000000000005,10.75,3.0,0.875,0.2
2011-02,11.33222222222222,15.777777777777779,8.11111111111111,5.111111111111111,0.25
2011-03,5.124444444444444,10.555555555555555,2.0,1.2222222222222223,1.5
2011-04,2.68375,8.125,1.375,0.0,1.6
2011-05,3.423333333333334,11.333333333333334,1.0,0.0,1.7
2011-06,5.248333333333334,9.666666666666666,2.8333333333333335,2.0,1.8
2011-07,3.775,8.0,2.8333333333333335,0.0,1.9
2011-08,5.578,14.2,4.2,0.2,2.0
2011-09,6.37,16.75,4.0,1.0,2.5
2011-10,8.17,13.25,6.0,2.25,3.0
2011-11,4.32,4.0,3.0,2.75,3.0
2011-12,5.096666666666667,10.666666666666666,3.0,1.0,3.5
2012-01,4.6899999999999995,8.375,2.75,1.0,0.0
2012-02,7.257777777777777,16.444444444444443,4.888888888888889,2.111111111111111,0.625
2012-03,4.687777777777779,9.444444444444445,4.444444444444445,0.3333333333333333,0.75
2012-04,4.337142857142857,8.714285714285714,3.142857142857143,1.0,0.875
2012-05,3.045,9.666666666666666,2.0,0.0,1.0
2012-06,6.375,9.333333333333334,5.666666666666667,2.1666666666666665,1.0
2012-07,6.394,9.166666666666666,4.333333333333333,1.1666666666666667,1.0
2012-08,3.3240000000000003,9.0,1.6,0.0,1.0
2012-09,7.330000000000001,15.666666666666666,6.666666666666667,1.3333333333333333,1.4
2012-10,7.163333333333334,12.0,5.333333333333333,2.3333333333333335,1.8
2012-11,10.64,21.25,8.0,2.0,2.2
2012-12,11.623333333333333,20.333333333333332,8.333333333333334,3.6666666666666665,2.6
2013-01,5.4799999999999995,16.0,3.3333333333333335,0.0,3.0
2013-02,4.37,12.0,3.0,0.5,1.0
2013-03,4.5175,8.75,2.75,1.25,1.0
2013-04,3.4466666666666668,8.0,2.0,0.3333333333333333,1.0
2013-05,9.530000000000001,14.0,5.5,2.5,1.0
2013-06,6.8066666666666675,8.333333333333334,4.666666666666667,2.3333333333333335,1.0
2013-07,4.223333333333334,5.333333333333333,2.6666666666666665,1.3333333333333333,1.0
2013-08,6.74,5.5,4.0,3.0,1.0
2013-09,5.976666666666667,10.0,2.6666666666666665,2.0,1.0
2013-10,4.8025,9.75,4.5,0.75,1.0
2013-11,9.16,12.333333333333334,6.666666666666667,3.6666666666666665,1.0
2013-12,4.505,10.0,2.0,1.5,1.5
2014-01,6.5,16.25,4.25,0.5,2.0
2014-02,5.185,15.0,2.5,0.0,1.5
2014-03,1.55,5.5,0.25,0.0,1.0
2014-04,4.4175,6.5,3.5,1.5,1.3333333333333333
2014-05,8.16,15.0,5.5,2.0,1.6666666666666665
2014-06,7.226666666666667,8.0,6.333333333333333,2.6666666666666665,2.0
2014-07,8.459999999999999,10.0,6.5,4.0,2.333333333333333
2014-08,8.213333333333333,11.0,5.333333333333333,2.6666666666666665,2.6666666666666665
2014-09,3.4499999999999997,4.333333333333333,1.3333333333333333,1.0,3.0
2014-10,4.965,8.25,3.5,1.5,3.0
2014-11,5.5649999999999995,9.0,4.0,2.0,2.5
2014-12,6.525,10.0,3.5,1.0,2.0
2015-01,4.1275,12.5,2.25,0.0,3.0
2015-02,4.7675,11.0,4.0,1.0,2.0
2015-03,3.1149999999999998,7.0,1.75,1.5,1.5
2015-04,4.9475,6.25,3.75,1.0,1.4166666666666667
2015-05,4.365,11.25,4.25,0.0,1.3333333333333333
2015-06,0.7175,2.25,0.5,0.0,1.25
2015-07,2.2600000000000002,5.0,2.0,0.6666666666666666,1.1666666666666667
2015-08,6.414999999999999,9.0,4.5,1.5,1.0833333333333335
2015-09,7.37,9.5,5.25,2.25,1.0
2015-10,4.890000000000001,6.333333333333333,3.0,2.3333333333333335,1.0
2015-11,5.336666666666667,9.0,3.0,1.6666666666666667,1.0
2015-12,2.3875,4.25,2.0,0.25,1.0
2016-01,5.4399999999999995,13.25,3.5,1.5,1.0
2016-02,4.9725,10.25,3.75,1.25,1.5
2016-03,9.4475,14.25,7.5,3.0,2.0
2016-04,4.3225,17.0,1.25,0.0,2.5
2016-05,16.8025,13.25,10.25,6.0,3.0
2016-06,5.6425,11.25,4.25,1.5,1.0
2016-07,1.695,3.5,1.0,0.75,1.125
2016-08,1.9100000000000001,6.0,1.3333333333333333,0.0,1.25
2016-09,3.3200000000000003,7.5,1.75,1.0,1.375
2016-10,2.6550000000000002,6.75,1.75,0.75,1.5
2016-11,6.5775,11.75,7.5,0.5,2.25
2016-12,2.5125,3.0,2.0,1.0,3.0
2017-01,2.6475,7.75,2.0,0.0,2.5
2017-02,3.91,7.5,2.75,1.0,3.0
2017-03,7.526666666666666,7.666666666666667,6.0,3.3333333333333335,2.0
2017-04,1.6375,3.75,1.0,0.75,2.0
2017-05,6.696666666666665,9.0,4.666666666666667,2.6666666666666665,2.0
2017-06,5.525,7.75,5.0,2.25,1.875
2017-07,5.51,8.0,3.5,1.5,1.75
2017-08,3.893333333333333,10.0,3.6666666666666665,0.6666666666666666,1.625
2017-09,9.04,10.0,4.75,2.75,1.5
2017-10,2.67,5.25,2.0,0.25,1.5
2017-11,5.71,10.75,4.0,2.0,2.0
2017-12,9.6025,18.0,5.25,3.25,2.5
2018-01,11.59,17.0,11.25,4.0,1.0
2018-02,4.7325,10.25,2.5,1.0,3.0
2018-03,9.003333333333334,17.666666666666668,5.0,2.3333333333333335,2.0
2018-04,5.0525,9.0,4.5,1.5,1.0
2018-05,9.9875,6.5,4.5,3.0,1.0
2018-06,9.113333333333333,5.666666666666667,2.6666666666666665,2.0,1.0
2018-07,0.68,1.3333333333333333,0.3333333333333333,0.3333333333333333,1.0
2018-08,3.24,6.25,1.5,1.0,1.0
2018-09,1.29,3.0,1.0,0.0,1.0
2018-10,2.43,4.0,1.5,1.0,1.0
2018-11,7.07,12.5,3.5,2.0,6.0
2018-12,7.159999999999999,15.0,6.0,2.0,3.5
2019-01,4.75,11.5,3.0,1.0,1.0
2019-02,4.465,7.0,3.0,1.5,2.5
2019-03,4.92,13.0,2.0,1.0,2.5
2019-04,2.16,5.0,1.0,0.0,2.5
2019-05,8.72,11.0,4.0,2.0,2.5
2019-06,0.0,0.0,0.0,0.0,2.5
2019-07,1.95,3.0,1.0,1.0,2.5
2019-08,6.029999999999999,4.0,4.0,3.0,2.5
2019-09,2.43,5.0,2.0,0.0,2.5
2019-10,7.51,19.0,5.0,1.0,2.5
2019-11,10.23,20.0,9.0,2.0,2.5
2019-12,8.28,15.0,6.0,3.0,2.5
2020-01,2.6,8.0,1.0,0.0,2.5
2020-02,8.48,15.0,6.0,2.0,2.5
2020-03,4.42,7.0,3.0,2.0,2.5
2020-04,2.19,3.0,2.0,1.0,2.5
2020-05,7.040000000000001,5.0,2.0,1.0,2.5
2020-06,2.67,6.0,2.0,1.0,2.5
2020-07,0.5,2.0,0.0,0.0,2.5
2020-08,3.66,6.0,4.0,0.0,2.5
2020-09,4.15,8.0,2.0,0.0,2.5
2020-10,7.290000000000001,14.0,3.0,2.0,2.5
2020-11,1.3199999999999998,4.0,1.0,0.0,2.5
2020-12,10.3,17.0,10.0,3.0,2.5
2021-01,8.25,15.0,7.0,1.0,2.5
2021-02,4.29,10.0,3.0,1.0,2.5
2021-03,3.4,10.0,2.0,0.0,2.5
2021-04,3.5799999999999996,3.0,2.0,2.0,2.5
2021-05,5.57,17.0,4.0,1.0,2.5
2021-06,12.309999999999999,13.0,6.0,4.0,2.5
2021-07,7.75,8.0,3.0,2.0,2.5
2021-08,3.0,4.0,2.0,1.0,2.5
2021-09,4.83,10.0,4.0,1.0,2.5
2021-10,7.720000000000001,11.0,4.0,2.0,2.5
2021-11,2.7,7.0,1.0,0.0,2.5
2021-12,6.790000000000001,14.0,4.0,2.0,2.5
2022-01,6.5,7.0,4.0,3.0,2.5
2022-02,2.73,8.0,1.0,0.0,2.5
2022-03,1.7,6.0,0.0,0.0,2.5
2022-04,5.279999999999999,6.0,1.0,1.0,2.5
2022-05,2.41,4.0,2.0,1.0,2.5
2022-06,6.93,11.0,5.0,2.0,2.5
2022-07,0.82,3.0,0.0,0.0,2.5
2022-08,3.3,4.0,2.0,1.0,2.5
2022-09,4.4,11.0,3.0,0.0,2.5
2022-10,3.66,9.0,3.0,0.0,2.5
2022-11,4.4,12.0,2.0,0.0,2.5
2022-12,4.3,11.0,4.0,0.0,2.5
2023-01,4.75,11.0,2.0,1.0,2.5
2023-02,0.27999999999999997,1.0,0.0,0.0,2.5
2023-03,5.13,13.0,2.0,1.0,2.5
2023-04,5.89,11.0,5.0,2.0,2.5
2023-05,6.17,8.0,3.0,3.0,2.5
2023-06,4.88,4.0,3.0,3.0,2.5
2023-07,9.22,8.0,6.0,4.0,2.5
2023-08,6.65,9.0,3.0,3.0,2.5
2023-09,5.88,6.0,2.0,2.0,2.5
2023-10,8.59,15.0,7.0,2.0,2.5
2023-11,9.440000000000001,19.0,8.0,2.0,2.5
2023-12,5.37,11.0,3.0,2.0,2.5
2024-01,6.04,8.0,4.0,1.0,2.5
2024-02,7.57,13.0,7.0,2.0,2.5
2024-03,8.76,16.0,8.0,3.0,2.5
2024-04,6.2299999999999995,13.0,6.0,0.0,2.5
2024-05,12.17,16.0,9.0,4.0,2.5
2024-06,3.53,8.0,2.0,0.0,2.5
2024-07,5.83,12.0,3.0,1.0,2.5
2024-08,6.25,7.0,4.0,2.0,2.5
2024-09,10.77,16.0,7.0,4.0,2.5
2024-10,15.680000000000001,12.0,6.0,3.0,2.5
2024-11,3.81,5.0,4.0,1.0,2.5
2024-12,5.35,10.0,4.0,1.0,2.5
